ANTERIORITE_DISPONIBLE,SEXE,CMU,AME,DECES,AGE,TYPE_LIEU,TEMOIN,RCP_TEMOIN,ADMIS_VIVANT_HOPITAL,RYTHME_CHOQUABLE,CORO,ANN_EVT,TYPE_ASSURANCE
3401.0,3401.0,3383.0,3383.0,3401.0,3401.0,3389.0,3356.0,2275.0,3401.0,3077.0,1396.0,0.0,0.0
3606.654219347251,0.7162599235518965,0.14750221696718888,0.02039609813774756,0.8812114084092914,43.87528823922807,0.34848037769253465,0.66388557806913,0.6496703296703297,0.38312261099676564,0.30874228144296395,0.5250716332378224,,
1051.480765587547,0.450878497467666,0.35465827737671546,0.141371868114465,0.32358715936375476,9.343915817969338,0.4765593536751745,0.4724489680803971,0.4771780378811278,0.48621927934747783,0.4620496375550514,0.4995499715508654,,
1961.0,0.0,0.0,0.0,0.0,18.01542810598438,0.0,0.0,0.0,0.0,0.0,0.0,,
2574.0,0.0,0.0,0.0,1.0,38.6428194966358,0.0,0.0,0.0,0.0,0.0,0.0,,
3834.0,1.0,0.0,0.0,1.0,46.626556329014285,0.0,1.0,1.0,0.0,0.0,1.0,,
4540.0,1.0,0.0,0.0,1.0,51.33849428804151,1.0,1.0,1.0,1.0,1.0,1.0,,
5248.0,1.0,1.0,1.0,1.0,54.99633804937815,1.0,1.0,1.0,1.0,1.0,1.0,,
